--
-- PostgreSQL database dump
--

-- Dumped from database version 17.2
-- Dumped by pg_dump version 17.2

SET statement_timeout = 0;
SET lock_timeout = 0;
SET idle_in_transaction_session_timeout = 0;
SET transaction_timeout = 0;
SET client_encoding = 'UTF8';
SET standard_conforming_strings = on;
SELECT pg_catalog.set_config('search_path', '', false);
SET check_function_bodies = false;
SET xmloption = content;
SET client_min_messages = warning;
SET row_security = off;

SET default_tablespace = '';

SET default_table_access_method = heap;

--
-- Name: pokemon; Type: TABLE; Schema: public; Owner: opokedex
--

CREATE TABLE public.pokemon (
    id integer NOT NULL,
    name character varying(255) NOT NULL,
    hp integer NOT NULL,
    atk integer NOT NULL,
    def integer NOT NULL,
    atk_spe integer NOT NULL,
    def_spe integer NOT NULL,
    speed integer NOT NULL,
    nmbr_of_votes integer DEFAULT 0 NOT NULL,
    created_at timestamp with time zone NOT NULL,
    updated_at timestamp with time zone NOT NULL
);


ALTER TABLE public.pokemon OWNER TO opokedex;

--
-- Name: pokemon_id_seq; Type: SEQUENCE; Schema: public; Owner: opokedex
--

CREATE SEQUENCE public.pokemon_id_seq
    AS integer
    START WITH 1
    INCREMENT BY 1
    NO MINVALUE
    NO MAXVALUE
    CACHE 1;


ALTER SEQUENCE public.pokemon_id_seq OWNER TO opokedex;

--
-- Name: pokemon_id_seq; Type: SEQUENCE OWNED BY; Schema: public; Owner: opokedex
--

ALTER SEQUENCE public.pokemon_id_seq OWNED BY public.pokemon.id;


--
-- Name: pokemon_type; Type: TABLE; Schema: public; Owner: opokedex
--

CREATE TABLE public.pokemon_type (
    created_at timestamp with time zone NOT NULL,
    updated_at timestamp with time zone NOT NULL,
    pokemon_id integer NOT NULL,
    type_id integer NOT NULL
);


ALTER TABLE public.pokemon_type OWNER TO opokedex;

--
-- Name: team; Type: TABLE; Schema: public; Owner: opokedex
--

CREATE TABLE public.team (
    id integer NOT NULL,
    name character varying(255) NOT NULL,
    description text,
    created_at timestamp with time zone NOT NULL,
    updated_at timestamp with time zone NOT NULL
);


ALTER TABLE public.team OWNER TO opokedex;

--
-- Name: team_id_seq; Type: SEQUENCE; Schema: public; Owner: opokedex
--

CREATE SEQUENCE public.team_id_seq
    AS integer
    START WITH 1
    INCREMENT BY 1
    NO MINVALUE
    NO MAXVALUE
    CACHE 1;


ALTER SEQUENCE public.team_id_seq OWNER TO opokedex;

--
-- Name: team_id_seq; Type: SEQUENCE OWNED BY; Schema: public; Owner: opokedex
--

ALTER SEQUENCE public.team_id_seq OWNED BY public.team.id;


--
-- Name: team_pokemon; Type: TABLE; Schema: public; Owner: opokedex
--

CREATE TABLE public.team_pokemon (
    created_at timestamp with time zone NOT NULL,
    updated_at timestamp with time zone NOT NULL,
    pokemon_id integer NOT NULL,
    team_id integer NOT NULL
);


ALTER TABLE public.team_pokemon OWNER TO opokedex;

--
-- Name: type; Type: TABLE; Schema: public; Owner: opokedex
--

CREATE TABLE public.type (
    id integer NOT NULL,
    name character varying(255) NOT NULL,
    color character varying(7) NOT NULL,
    created_at timestamp with time zone NOT NULL,
    updated_at timestamp with time zone NOT NULL
);


ALTER TABLE public.type OWNER TO opokedex;

--
-- Name: type_id_seq; Type: SEQUENCE; Schema: public; Owner: opokedex
--

CREATE SEQUENCE public.type_id_seq
    AS integer
    START WITH 1
    INCREMENT BY 1
    NO MINVALUE
    NO MAXVALUE
    CACHE 1;


ALTER SEQUENCE public.type_id_seq OWNER TO opokedex;

--
-- Name: type_id_seq; Type: SEQUENCE OWNED BY; Schema: public; Owner: opokedex
--

ALTER SEQUENCE public.type_id_seq OWNED BY public.type.id;


--
-- Name: pokemon id; Type: DEFAULT; Schema: public; Owner: opokedex
--

ALTER TABLE ONLY public.pokemon ALTER COLUMN id SET DEFAULT nextval('public.pokemon_id_seq'::regclass);


--
-- Name: team id; Type: DEFAULT; Schema: public; Owner: opokedex
--

ALTER TABLE ONLY public.team ALTER COLUMN id SET DEFAULT nextval('public.team_id_seq'::regclass);


--
-- Name: type id; Type: DEFAULT; Schema: public; Owner: opokedex
--

ALTER TABLE ONLY public.type ALTER COLUMN id SET DEFAULT nextval('public.type_id_seq'::regclass);


--
-- Data for Name: pokemon; Type: TABLE DATA; Schema: public; Owner: opokedex
--

COPY public.pokemon (id, name, hp, atk, def, atk_spe, def_spe, speed, nmbr_of_votes, created_at, updated_at) FROM stdin;
1	Bulbizarre	45	49	49	65	65	45	71	2025-09-03 09:39:11.294+02	2025-09-03 09:39:11.294+02
2	Herbizarre	60	62	63	80	80	60	31	2025-09-03 09:39:11.294+02	2025-09-03 09:39:11.294+02
3	Florizarre	80	82	83	100	100	80	99	2025-09-03 09:39:11.294+02	2025-09-03 09:39:11.294+02
4	Salamèche	39	52	43	60	50	65	45	2025-09-03 09:39:11.294+02	2025-09-03 09:39:11.294+02
5	Reptincel	58	64	58	80	65	80	73	2025-09-03 09:39:11.294+02	2025-09-03 09:39:11.294+02
6	Dracaufeu	78	84	78	109	85	100	80	2025-09-03 09:39:11.294+02	2025-09-03 09:39:11.294+02
7	Carapuce	44	48	65	50	64	43	97	2025-09-03 09:39:11.294+02	2025-09-03 09:39:11.294+02
8	Carabaffe	59	63	80	65	80	58	0	2025-09-03 09:39:11.294+02	2025-09-03 09:39:11.294+02
9	Tortank	79	83	100	85	105	78	53	2025-09-03 09:39:11.294+02	2025-09-03 09:39:11.294+02
10	Chenipan	45	30	35	20	20	45	66	2025-09-03 09:39:11.294+02	2025-09-03 09:39:11.294+02
11	Chrysacier	50	20	55	25	25	30	44	2025-09-03 09:39:11.294+02	2025-09-03 09:39:11.294+02
12	Papilusion	60	45	50	80	80	70	84	2025-09-03 09:39:11.294+02	2025-09-03 09:39:11.294+02
13	Aspicot	40	35	30	20	20	50	76	2025-09-03 09:39:11.294+02	2025-09-03 09:39:11.294+02
14	Coconfort	45	25	50	25	25	35	47	2025-09-03 09:39:11.294+02	2025-09-03 09:39:11.294+02
15	Dardargnan	65	80	40	45	80	75	45	2025-09-03 09:39:11.294+02	2025-09-03 09:39:11.294+02
16	Roucool	40	45	40	35	35	56	69	2025-09-03 09:39:11.294+02	2025-09-03 09:39:11.294+02
17	Roucoups	63	60	55	50	50	71	79	2025-09-03 09:39:11.294+02	2025-09-03 09:39:11.294+02
18	Roucarnage	83	80	75	70	70	91	86	2025-09-03 09:39:11.294+02	2025-09-03 09:39:11.294+02
19	Rattata	30	56	35	25	35	72	89	2025-09-03 09:39:11.294+02	2025-09-03 09:39:11.294+02
20	Rattatac	55	81	60	50	70	97	14	2025-09-03 09:39:11.294+02	2025-09-03 09:39:11.294+02
21	Piafabec	40	60	30	31	31	70	74	2025-09-03 09:39:11.294+02	2025-09-03 09:39:11.294+02
22	Rapasdepic	65	90	65	61	61	100	92	2025-09-03 09:39:11.294+02	2025-09-03 09:39:11.294+02
23	Abo	35	60	44	40	54	55	17	2025-09-03 09:39:11.294+02	2025-09-03 09:39:11.294+02
24	Arbok	60	85	69	65	79	80	52	2025-09-03 09:39:11.294+02	2025-09-03 09:39:11.294+02
25	Pikachu	35	55	30	50	40	90	5	2025-09-03 09:39:11.294+02	2025-09-03 09:39:11.294+02
26	Raichu	60	90	55	90	80	100	47	2025-09-03 09:39:11.294+02	2025-09-03 09:39:11.294+02
27	Sabelette	50	75	85	20	30	40	82	2025-09-03 09:39:11.294+02	2025-09-03 09:39:11.294+02
28	Sablaireau	75	100	110	45	55	65	58	2025-09-03 09:39:11.294+02	2025-09-03 09:39:11.294+02
29	Nidoran F	55	47	52	40	40	41	41	2025-09-03 09:39:11.294+02	2025-09-03 09:39:11.294+02
30	Nidorina	70	62	67	55	55	56	20	2025-09-03 09:39:11.294+02	2025-09-03 09:39:11.294+02
31	Nidoqueen	90	82	87	75	85	76	26	2025-09-03 09:39:11.294+02	2025-09-03 09:39:11.294+02
32	Nidoran M	46	57	40	40	40	50	9	2025-09-03 09:39:11.294+02	2025-09-03 09:39:11.294+02
33	Nidorino	61	72	57	55	55	65	79	2025-09-03 09:39:11.294+02	2025-09-03 09:39:11.294+02
34	Nidoking	81	92	77	85	75	85	17	2025-09-03 09:39:11.294+02	2025-09-03 09:39:11.294+02
35	Mélofée	70	45	48	60	65	35	95	2025-09-03 09:39:11.294+02	2025-09-03 09:39:11.294+02
36	Mélodelfe	95	70	73	85	90	60	13	2025-09-03 09:39:11.294+02	2025-09-03 09:39:11.294+02
37	Goupix	38	41	40	50	65	65	32	2025-09-03 09:39:11.294+02	2025-09-03 09:39:11.294+02
38	Feunard	73	76	75	81	100	100	53	2025-09-03 09:39:11.294+02	2025-09-03 09:39:11.294+02
39	Rondoudou	115	45	20	45	25	20	66	2025-09-03 09:39:11.294+02	2025-09-03 09:39:11.294+02
40	Grodoudou	140	70	45	75	50	45	76	2025-09-03 09:39:11.294+02	2025-09-03 09:39:11.294+02
41	Nosferapti	40	45	35	30	40	55	56	2025-09-03 09:39:11.294+02	2025-09-03 09:39:11.294+02
42	Nosferalto	75	80	70	65	75	90	24	2025-09-03 09:39:11.294+02	2025-09-03 09:39:11.294+02
43	Mystherbe	45	50	55	75	65	30	74	2025-09-03 09:39:11.294+02	2025-09-03 09:39:11.294+02
44	Ortide	60	65	70	85	75	40	1	2025-09-03 09:39:11.294+02	2025-09-03 09:39:11.294+02
45	Rafflesia	75	80	85	100	90	50	47	2025-09-03 09:39:11.294+02	2025-09-03 09:39:11.294+02
46	Paras	35	70	55	45	55	25	22	2025-09-03 09:39:11.294+02	2025-09-03 09:39:11.294+02
47	Parasect	60	95	80	60	80	30	17	2025-09-03 09:39:11.294+02	2025-09-03 09:39:11.294+02
48	Mimitoss	60	55	50	40	55	45	21	2025-09-03 09:39:11.294+02	2025-09-03 09:39:11.294+02
49	Aéromite	70	65	60	90	75	90	49	2025-09-03 09:39:11.294+02	2025-09-03 09:39:11.294+02
50	Taupiqueur	10	55	25	35	45	95	28	2025-09-03 09:39:11.294+02	2025-09-03 09:39:11.294+02
51	Triopikeur	35	80	50	50	70	120	34	2025-09-03 09:39:11.294+02	2025-09-03 09:39:11.294+02
52	Miaouss	40	45	35	40	40	90	11	2025-09-03 09:39:11.294+02	2025-09-03 09:39:11.294+02
53	Persian	65	70	60	65	65	115	8	2025-09-03 09:39:11.294+02	2025-09-03 09:39:11.294+02
54	Psykokwak	50	52	48	65	50	55	91	2025-09-03 09:39:11.294+02	2025-09-03 09:39:11.294+02
55	Akwakwak	80	82	78	95	80	85	1	2025-09-03 09:39:11.294+02	2025-09-03 09:39:11.294+02
56	Férosinge	40	80	35	35	45	70	49	2025-09-03 09:39:11.294+02	2025-09-03 09:39:11.294+02
57	Colossinge	65	105	60	60	70	95	34	2025-09-03 09:39:11.294+02	2025-09-03 09:39:11.294+02
58	Caninos	55	70	45	70	50	60	73	2025-09-03 09:39:11.294+02	2025-09-03 09:39:11.294+02
59	Arcanin	90	110	80	100	80	95	9	2025-09-03 09:39:11.294+02	2025-09-03 09:39:11.294+02
60	Ptitard	40	50	40	40	40	90	85	2025-09-03 09:39:11.294+02	2025-09-03 09:39:11.294+02
61	Têtarte	65	65	65	50	50	90	55	2025-09-03 09:39:11.294+02	2025-09-03 09:39:11.294+02
62	Tartard	90	85	95	70	90	70	94	2025-09-03 09:39:11.294+02	2025-09-03 09:39:11.294+02
63	Abra	25	20	15	105	55	90	86	2025-09-03 09:39:11.294+02	2025-09-03 09:39:11.294+02
64	Kadabra	40	35	30	120	70	105	88	2025-09-03 09:39:11.294+02	2025-09-03 09:39:11.294+02
65	Alakazam	55	50	45	135	85	120	9	2025-09-03 09:39:11.294+02	2025-09-03 09:39:11.294+02
66	Machoc	70	80	50	35	35	35	30	2025-09-03 09:39:11.294+02	2025-09-03 09:39:11.294+02
67	Machopeur	80	100	70	50	60	45	57	2025-09-03 09:39:11.294+02	2025-09-03 09:39:11.294+02
68	Mackogneur	90	130	80	65	85	55	8	2025-09-03 09:39:11.294+02	2025-09-03 09:39:11.294+02
69	Chétiflor	50	75	35	70	30	40	37	2025-09-03 09:39:11.294+02	2025-09-03 09:39:11.294+02
70	Boustiflor	65	90	50	85	45	55	26	2025-09-03 09:39:11.294+02	2025-09-03 09:39:11.294+02
71	Empiflor	80	105	65	100	60	70	77	2025-09-03 09:39:11.294+02	2025-09-03 09:39:11.294+02
72	Tentacool	40	40	35	50	100	70	4	2025-09-03 09:39:11.294+02	2025-09-03 09:39:11.294+02
73	Tentacruel	80	70	65	80	120	100	43	2025-09-03 09:39:11.294+02	2025-09-03 09:39:11.294+02
74	Racaillou	40	80	100	30	30	20	6	2025-09-03 09:39:11.294+02	2025-09-03 09:39:11.294+02
75	Gravalanch	55	95	115	45	45	35	53	2025-09-03 09:39:11.294+02	2025-09-03 09:39:11.294+02
76	Grolem	80	110	130	55	65	45	100	2025-09-03 09:39:11.294+02	2025-09-03 09:39:11.294+02
77	Ponyta	50	85	55	65	65	90	59	2025-09-03 09:39:11.294+02	2025-09-03 09:39:11.294+02
78	Galopa	65	100	70	80	80	105	32	2025-09-03 09:39:11.294+02	2025-09-03 09:39:11.294+02
79	Ramoloss	90	65	65	40	40	15	27	2025-09-03 09:39:11.294+02	2025-09-03 09:39:11.294+02
80	Flagadoss	95	75	110	100	80	30	30	2025-09-03 09:39:11.294+02	2025-09-03 09:39:11.294+02
81	Magnéti	25	35	70	95	55	45	52	2025-09-03 09:39:11.294+02	2025-09-03 09:39:11.294+02
82	Magnéton	50	60	95	120	70	70	31	2025-09-03 09:39:11.294+02	2025-09-03 09:39:11.294+02
83	Canarticho	52	65	55	58	62	60	100	2025-09-03 09:39:11.294+02	2025-09-03 09:39:11.294+02
84	Doduo	35	85	45	35	35	75	78	2025-09-03 09:39:11.294+02	2025-09-03 09:39:11.294+02
85	Dodrio	60	110	70	60	60	100	35	2025-09-03 09:39:11.294+02	2025-09-03 09:39:11.294+02
86	Otaria	65	45	55	45	70	45	2	2025-09-03 09:39:11.294+02	2025-09-03 09:39:11.294+02
87	Lamantine	90	70	80	70	95	70	76	2025-09-03 09:39:11.294+02	2025-09-03 09:39:11.294+02
88	Tadmorv	80	80	50	40	50	25	28	2025-09-03 09:39:11.294+02	2025-09-03 09:39:11.294+02
89	Grotadmorv	105	105	75	65	100	50	73	2025-09-03 09:39:11.294+02	2025-09-03 09:39:11.294+02
90	Kokiyas	30	65	100	45	25	40	50	2025-09-03 09:39:11.294+02	2025-09-03 09:39:11.294+02
91	Crustabri	50	95	180	85	45	70	69	2025-09-03 09:39:11.294+02	2025-09-03 09:39:11.294+02
92	Fantominus	30	35	30	100	35	80	95	2025-09-03 09:39:11.294+02	2025-09-03 09:39:11.294+02
93	Spectrum	45	50	45	115	55	95	69	2025-09-03 09:39:11.294+02	2025-09-03 09:39:11.294+02
94	Ectoplasma	60	65	60	130	75	110	14	2025-09-03 09:39:11.294+02	2025-09-03 09:39:11.294+02
95	Onix	35	45	160	30	45	70	100	2025-09-03 09:39:11.294+02	2025-09-03 09:39:11.294+02
96	Soporifik	60	48	45	43	90	42	10	2025-09-03 09:39:11.294+02	2025-09-03 09:39:11.294+02
97	Hypnomade	85	73	70	73	115	67	57	2025-09-03 09:39:11.294+02	2025-09-03 09:39:11.294+02
98	Krabby	30	105	90	25	25	50	76	2025-09-03 09:39:11.294+02	2025-09-03 09:39:11.294+02
99	Krabboss	55	130	115	50	50	75	12	2025-09-03 09:39:11.294+02	2025-09-03 09:39:11.294+02
100	Voltorbe	40	30	50	55	55	100	64	2025-09-03 09:39:11.294+02	2025-09-03 09:39:11.294+02
101	Électrode	60	50	70	80	80	140	51	2025-09-03 09:39:11.294+02	2025-09-03 09:39:11.294+02
102	Noeunoeuf	60	40	80	60	45	40	10	2025-09-03 09:39:11.294+02	2025-09-03 09:39:11.294+02
103	Noadkoko	95	95	85	125	65	55	63	2025-09-03 09:39:11.294+02	2025-09-03 09:39:11.294+02
104	Osselait	50	50	95	40	50	35	94	2025-09-03 09:39:11.294+02	2025-09-03 09:39:11.294+02
105	Ossatueur	60	80	110	50	80	45	19	2025-09-03 09:39:11.294+02	2025-09-03 09:39:11.294+02
106	Kicklee	50	120	53	35	110	87	32	2025-09-03 09:39:11.294+02	2025-09-03 09:39:11.294+02
107	Tygnon	50	105	79	35	110	76	51	2025-09-03 09:39:11.294+02	2025-09-03 09:39:11.294+02
108	Excelangue	90	55	75	60	75	30	64	2025-09-03 09:39:11.294+02	2025-09-03 09:39:11.294+02
109	Smogo	40	65	95	60	45	35	46	2025-09-03 09:39:11.294+02	2025-09-03 09:39:11.294+02
110	Smogogo	65	90	120	85	70	60	37	2025-09-03 09:39:11.294+02	2025-09-03 09:39:11.294+02
111	Rhinocorne	80	85	95	30	30	25	78	2025-09-03 09:39:11.294+02	2025-09-03 09:39:11.294+02
112	Rhinoféros	105	130	120	45	45	40	39	2025-09-03 09:39:11.294+02	2025-09-03 09:39:11.294+02
113	Leveinard	250	5	5	35	105	50	50	2025-09-03 09:39:11.294+02	2025-09-03 09:39:11.294+02
114	Saquedeneu	65	55	115	100	40	60	97	2025-09-03 09:39:11.294+02	2025-09-03 09:39:11.294+02
115	Kangourex	105	95	80	40	80	90	68	2025-09-03 09:39:11.294+02	2025-09-03 09:39:11.294+02
116	Hypotrempe	30	40	70	70	25	60	99	2025-09-03 09:39:11.294+02	2025-09-03 09:39:11.294+02
117	Hypocéan	55	65	95	95	45	85	95	2025-09-03 09:39:11.294+02	2025-09-03 09:39:11.294+02
118	Poissirène	45	67	60	35	50	63	60	2025-09-03 09:39:11.294+02	2025-09-03 09:39:11.294+02
119	Poissoroy	80	92	65	65	80	68	28	2025-09-03 09:39:11.294+02	2025-09-03 09:39:11.294+02
120	Stari	30	45	55	70	55	85	0	2025-09-03 09:39:11.294+02	2025-09-03 09:39:11.294+02
121	Staross	60	75	85	100	85	115	33	2025-09-03 09:39:11.294+02	2025-09-03 09:39:11.294+02
122	M. Mime	40	45	65	100	120	90	22	2025-09-03 09:39:11.294+02	2025-09-03 09:39:11.294+02
123	Insécateur	70	110	80	55	80	105	25	2025-09-03 09:39:11.294+02	2025-09-03 09:39:11.294+02
124	Lippoutou	65	50	35	115	95	95	32	2025-09-03 09:39:11.294+02	2025-09-03 09:39:11.294+02
125	Élektek	65	83	57	95	85	105	90	2025-09-03 09:39:11.294+02	2025-09-03 09:39:11.294+02
126	Magmar	65	95	57	100	85	93	93	2025-09-03 09:39:11.294+02	2025-09-03 09:39:11.294+02
127	Scarabrute	65	125	100	55	70	85	21	2025-09-03 09:39:11.294+02	2025-09-03 09:39:11.294+02
128	Tauros	75	100	95	40	70	110	100	2025-09-03 09:39:11.294+02	2025-09-03 09:39:11.294+02
129	Magicarpe	20	10	55	15	20	80	81	2025-09-03 09:39:11.294+02	2025-09-03 09:39:11.294+02
130	Léviator	95	125	79	60	100	81	42	2025-09-03 09:39:11.294+02	2025-09-03 09:39:11.294+02
131	Lokhlass	130	85	80	85	95	60	22	2025-09-03 09:39:11.294+02	2025-09-03 09:39:11.294+02
132	Métamorph	48	48	48	48	48	48	88	2025-09-03 09:39:11.294+02	2025-09-03 09:39:11.294+02
133	Évoli	55	55	50	45	65	55	100	2025-09-03 09:39:11.294+02	2025-09-03 09:39:11.294+02
134	Aquali	130	65	60	110	95	65	26	2025-09-03 09:39:11.294+02	2025-09-03 09:39:11.294+02
135	Voltali	65	65	60	110	95	130	89	2025-09-03 09:39:11.294+02	2025-09-03 09:39:11.294+02
136	Pyroli	65	130	60	95	110	65	79	2025-09-03 09:39:11.294+02	2025-09-03 09:39:11.294+02
137	Porygon	65	60	70	85	75	40	49	2025-09-03 09:39:11.294+02	2025-09-03 09:39:11.294+02
138	Amonita	35	40	100	90	55	35	89	2025-09-03 09:39:11.294+02	2025-09-03 09:39:11.294+02
139	Amonistar	70	60	125	115	70	55	91	2025-09-03 09:39:11.294+02	2025-09-03 09:39:11.294+02
140	Kabuto	30	80	90	55	45	55	78	2025-09-03 09:39:11.294+02	2025-09-03 09:39:11.294+02
141	Kabutops	60	115	105	65	70	80	48	2025-09-03 09:39:11.294+02	2025-09-03 09:39:11.294+02
142	Ptéra	80	105	65	60	75	130	35	2025-09-03 09:39:11.294+02	2025-09-03 09:39:11.294+02
143	Ronflex	160	110	65	65	110	30	61	2025-09-03 09:39:11.294+02	2025-09-03 09:39:11.294+02
144	Artikodin	90	85	100	95	125	85	49	2025-09-03 09:39:11.294+02	2025-09-03 09:39:11.294+02
145	Électhor	90	90	85	125	90	100	29	2025-09-03 09:39:11.294+02	2025-09-03 09:39:11.294+02
146	Sulfura	90	100	90	125	85	90	46	2025-09-03 09:39:11.294+02	2025-09-03 09:39:11.294+02
147	Minidraco	41	64	45	50	50	50	35	2025-09-03 09:39:11.294+02	2025-09-03 09:39:11.294+02
148	Draco	61	84	65	70	70	70	66	2025-09-03 09:39:11.294+02	2025-09-03 09:39:11.294+02
149	Dracolosse	91	134	95	100	100	80	13	2025-09-03 09:39:11.294+02	2025-09-03 09:39:11.294+02
150	Mewtwo	106	110	90	154	90	130	42	2025-09-03 09:39:11.294+02	2025-09-03 09:39:11.294+02
151	Mew	100	100	100	100	100	100	85	2025-09-03 09:39:11.294+02	2025-09-03 09:39:11.294+02
\.


--
-- Data for Name: pokemon_type; Type: TABLE DATA; Schema: public; Owner: opokedex
--

COPY public.pokemon_type (created_at, updated_at, pokemon_id, type_id) FROM stdin;
2025-09-03 09:39:11.352+02	2025-09-03 09:39:11.352+02	1	10
2025-09-03 09:39:11.357+02	2025-09-03 09:39:11.357+02	1	11
2025-09-03 09:39:11.359+02	2025-09-03 09:39:11.359+02	2	10
2025-09-03 09:39:11.361+02	2025-09-03 09:39:11.361+02	2	11
2025-09-03 09:39:11.362+02	2025-09-03 09:39:11.362+02	3	10
2025-09-03 09:39:11.364+02	2025-09-03 09:39:11.364+02	3	11
2025-09-03 09:39:11.366+02	2025-09-03 09:39:11.366+02	4	6
2025-09-03 09:39:11.368+02	2025-09-03 09:39:11.368+02	5	6
2025-09-03 09:39:11.37+02	2025-09-03 09:39:11.37+02	6	6
2025-09-03 09:39:11.372+02	2025-09-03 09:39:11.372+02	6	17
2025-09-03 09:39:11.374+02	2025-09-03 09:39:11.374+02	7	4
2025-09-03 09:39:11.376+02	2025-09-03 09:39:11.376+02	8	4
2025-09-03 09:39:11.378+02	2025-09-03 09:39:11.378+02	9	4
2025-09-03 09:39:11.38+02	2025-09-03 09:39:11.38+02	10	8
2025-09-03 09:39:11.382+02	2025-09-03 09:39:11.382+02	11	8
2025-09-03 09:39:11.384+02	2025-09-03 09:39:11.384+02	12	8
2025-09-03 09:39:11.385+02	2025-09-03 09:39:11.385+02	12	17
2025-09-03 09:39:11.388+02	2025-09-03 09:39:11.388+02	13	8
2025-09-03 09:39:11.39+02	2025-09-03 09:39:11.39+02	13	11
2025-09-03 09:39:11.392+02	2025-09-03 09:39:11.392+02	14	8
2025-09-03 09:39:11.394+02	2025-09-03 09:39:11.394+02	14	11
2025-09-03 09:39:11.396+02	2025-09-03 09:39:11.396+02	15	8
2025-09-03 09:39:11.398+02	2025-09-03 09:39:11.398+02	15	11
2025-09-03 09:39:11.4+02	2025-09-03 09:39:11.4+02	16	9
2025-09-03 09:39:11.402+02	2025-09-03 09:39:11.402+02	16	17
2025-09-03 09:39:11.403+02	2025-09-03 09:39:11.403+02	17	9
2025-09-03 09:39:11.405+02	2025-09-03 09:39:11.405+02	17	17
2025-09-03 09:39:11.407+02	2025-09-03 09:39:11.407+02	18	9
2025-09-03 09:39:11.409+02	2025-09-03 09:39:11.409+02	18	17
2025-09-03 09:39:11.412+02	2025-09-03 09:39:11.412+02	19	9
2025-09-03 09:39:11.413+02	2025-09-03 09:39:11.413+02	20	9
2025-09-03 09:39:11.415+02	2025-09-03 09:39:11.415+02	21	9
2025-09-03 09:39:11.417+02	2025-09-03 09:39:11.417+02	21	17
2025-09-03 09:39:11.419+02	2025-09-03 09:39:11.419+02	22	9
2025-09-03 09:39:11.421+02	2025-09-03 09:39:11.421+02	22	17
2025-09-03 09:39:11.424+02	2025-09-03 09:39:11.424+02	23	11
2025-09-03 09:39:11.425+02	2025-09-03 09:39:11.425+02	24	11
2025-09-03 09:39:11.428+02	2025-09-03 09:39:11.428+02	25	5
2025-09-03 09:39:11.43+02	2025-09-03 09:39:11.43+02	26	5
2025-09-03 09:39:11.431+02	2025-09-03 09:39:11.431+02	27	14
2025-09-03 09:39:11.433+02	2025-09-03 09:39:11.433+02	28	14
2025-09-03 09:39:11.434+02	2025-09-03 09:39:11.434+02	29	11
2025-09-03 09:39:11.436+02	2025-09-03 09:39:11.436+02	30	11
2025-09-03 09:39:11.438+02	2025-09-03 09:39:11.438+02	31	11
2025-09-03 09:39:11.44+02	2025-09-03 09:39:11.44+02	31	14
2025-09-03 09:39:11.441+02	2025-09-03 09:39:11.441+02	32	11
2025-09-03 09:39:11.443+02	2025-09-03 09:39:11.443+02	33	11
2025-09-03 09:39:11.445+02	2025-09-03 09:39:11.445+02	34	11
2025-09-03 09:39:11.447+02	2025-09-03 09:39:11.447+02	34	14
2025-09-03 09:39:11.448+02	2025-09-03 09:39:11.448+02	35	9
2025-09-03 09:39:11.45+02	2025-09-03 09:39:11.45+02	36	9
2025-09-03 09:39:11.452+02	2025-09-03 09:39:11.452+02	37	6
2025-09-03 09:39:11.454+02	2025-09-03 09:39:11.454+02	38	6
2025-09-03 09:39:11.456+02	2025-09-03 09:39:11.456+02	39	9
2025-09-03 09:39:11.457+02	2025-09-03 09:39:11.457+02	40	9
2025-09-03 09:39:11.458+02	2025-09-03 09:39:11.458+02	41	11
2025-09-03 09:39:11.461+02	2025-09-03 09:39:11.461+02	41	17
2025-09-03 09:39:11.463+02	2025-09-03 09:39:11.463+02	42	11
2025-09-03 09:39:11.464+02	2025-09-03 09:39:11.464+02	42	17
2025-09-03 09:39:11.466+02	2025-09-03 09:39:11.466+02	43	10
2025-09-03 09:39:11.468+02	2025-09-03 09:39:11.468+02	43	11
2025-09-03 09:39:11.47+02	2025-09-03 09:39:11.47+02	44	10
2025-09-03 09:39:11.472+02	2025-09-03 09:39:11.472+02	44	11
2025-09-03 09:39:11.474+02	2025-09-03 09:39:11.474+02	45	10
2025-09-03 09:39:11.476+02	2025-09-03 09:39:11.476+02	45	11
2025-09-03 09:39:11.478+02	2025-09-03 09:39:11.478+02	46	8
2025-09-03 09:39:11.48+02	2025-09-03 09:39:11.48+02	46	10
2025-09-03 09:39:11.481+02	2025-09-03 09:39:11.481+02	47	8
2025-09-03 09:39:11.484+02	2025-09-03 09:39:11.484+02	47	10
2025-09-03 09:39:11.485+02	2025-09-03 09:39:11.485+02	48	8
2025-09-03 09:39:11.487+02	2025-09-03 09:39:11.487+02	48	11
2025-09-03 09:39:11.489+02	2025-09-03 09:39:11.489+02	49	8
2025-09-03 09:39:11.49+02	2025-09-03 09:39:11.49+02	49	11
2025-09-03 09:39:11.492+02	2025-09-03 09:39:11.492+02	50	14
2025-09-03 09:39:11.494+02	2025-09-03 09:39:11.494+02	51	14
2025-09-03 09:39:11.496+02	2025-09-03 09:39:11.496+02	52	9
2025-09-03 09:39:11.497+02	2025-09-03 09:39:11.497+02	53	9
2025-09-03 09:39:11.5+02	2025-09-03 09:39:11.5+02	54	4
2025-09-03 09:39:11.502+02	2025-09-03 09:39:11.502+02	55	4
2025-09-03 09:39:11.504+02	2025-09-03 09:39:11.504+02	56	2
2025-09-03 09:39:11.506+02	2025-09-03 09:39:11.506+02	57	2
2025-09-03 09:39:11.507+02	2025-09-03 09:39:11.507+02	58	6
2025-09-03 09:39:11.509+02	2025-09-03 09:39:11.509+02	59	6
2025-09-03 09:39:11.511+02	2025-09-03 09:39:11.511+02	60	4
2025-09-03 09:39:11.513+02	2025-09-03 09:39:11.513+02	61	4
2025-09-03 09:39:11.515+02	2025-09-03 09:39:11.515+02	62	4
2025-09-03 09:39:11.517+02	2025-09-03 09:39:11.517+02	62	2
2025-09-03 09:39:11.519+02	2025-09-03 09:39:11.519+02	63	12
2025-09-03 09:39:11.52+02	2025-09-03 09:39:11.52+02	64	12
2025-09-03 09:39:11.522+02	2025-09-03 09:39:11.522+02	65	12
2025-09-03 09:39:11.524+02	2025-09-03 09:39:11.524+02	66	2
2025-09-03 09:39:11.526+02	2025-09-03 09:39:11.526+02	67	2
2025-09-03 09:39:11.528+02	2025-09-03 09:39:11.528+02	68	2
2025-09-03 09:39:11.53+02	2025-09-03 09:39:11.53+02	69	10
2025-09-03 09:39:11.531+02	2025-09-03 09:39:11.531+02	69	11
2025-09-03 09:39:11.534+02	2025-09-03 09:39:11.534+02	70	10
2025-09-03 09:39:11.535+02	2025-09-03 09:39:11.535+02	70	11
2025-09-03 09:39:11.537+02	2025-09-03 09:39:11.537+02	71	10
2025-09-03 09:39:11.539+02	2025-09-03 09:39:11.539+02	71	11
2025-09-03 09:39:11.541+02	2025-09-03 09:39:11.541+02	72	4
2025-09-03 09:39:11.543+02	2025-09-03 09:39:11.543+02	72	11
2025-09-03 09:39:11.545+02	2025-09-03 09:39:11.545+02	73	4
2025-09-03 09:39:11.547+02	2025-09-03 09:39:11.547+02	73	11
2025-09-03 09:39:11.549+02	2025-09-03 09:39:11.549+02	74	13
2025-09-03 09:39:11.551+02	2025-09-03 09:39:11.551+02	74	14
2025-09-03 09:39:11.553+02	2025-09-03 09:39:11.553+02	75	13
2025-09-03 09:39:11.554+02	2025-09-03 09:39:11.554+02	75	14
2025-09-03 09:39:11.557+02	2025-09-03 09:39:11.557+02	76	13
2025-09-03 09:39:11.558+02	2025-09-03 09:39:11.558+02	76	14
2025-09-03 09:39:11.56+02	2025-09-03 09:39:11.56+02	77	6
2025-09-03 09:39:11.562+02	2025-09-03 09:39:11.562+02	78	6
2025-09-03 09:39:11.564+02	2025-09-03 09:39:11.564+02	79	4
2025-09-03 09:39:11.568+02	2025-09-03 09:39:11.568+02	79	12
2025-09-03 09:39:11.569+02	2025-09-03 09:39:11.569+02	80	4
2025-09-03 09:39:11.571+02	2025-09-03 09:39:11.571+02	80	12
2025-09-03 09:39:11.573+02	2025-09-03 09:39:11.573+02	81	5
2025-09-03 09:39:11.574+02	2025-09-03 09:39:11.574+02	81	1
2025-09-03 09:39:11.576+02	2025-09-03 09:39:11.576+02	82	5
2025-09-03 09:39:11.578+02	2025-09-03 09:39:11.578+02	82	1
2025-09-03 09:39:11.58+02	2025-09-03 09:39:11.58+02	83	9
2025-09-03 09:39:11.582+02	2025-09-03 09:39:11.582+02	83	17
2025-09-03 09:39:11.584+02	2025-09-03 09:39:11.584+02	84	9
2025-09-03 09:39:11.585+02	2025-09-03 09:39:11.585+02	84	17
2025-09-03 09:39:11.587+02	2025-09-03 09:39:11.587+02	85	9
2025-09-03 09:39:11.589+02	2025-09-03 09:39:11.589+02	85	17
2025-09-03 09:39:11.59+02	2025-09-03 09:39:11.59+02	86	4
2025-09-03 09:39:11.592+02	2025-09-03 09:39:11.592+02	87	4
2025-09-03 09:39:11.595+02	2025-09-03 09:39:11.595+02	87	7
2025-09-03 09:39:11.596+02	2025-09-03 09:39:11.596+02	88	11
2025-09-03 09:39:11.598+02	2025-09-03 09:39:11.598+02	89	11
2025-09-03 09:39:11.6+02	2025-09-03 09:39:11.6+02	90	4
2025-09-03 09:39:11.602+02	2025-09-03 09:39:11.602+02	91	4
2025-09-03 09:39:11.603+02	2025-09-03 09:39:11.603+02	91	7
2025-09-03 09:39:11.606+02	2025-09-03 09:39:11.606+02	92	15
2025-09-03 09:39:11.607+02	2025-09-03 09:39:11.607+02	92	11
2025-09-03 09:39:11.609+02	2025-09-03 09:39:11.609+02	93	15
2025-09-03 09:39:11.611+02	2025-09-03 09:39:11.611+02	93	11
2025-09-03 09:39:11.612+02	2025-09-03 09:39:11.612+02	94	15
2025-09-03 09:39:11.614+02	2025-09-03 09:39:11.614+02	94	11
2025-09-03 09:39:11.616+02	2025-09-03 09:39:11.616+02	95	13
2025-09-03 09:39:11.617+02	2025-09-03 09:39:11.617+02	95	14
2025-09-03 09:39:11.619+02	2025-09-03 09:39:11.619+02	96	12
2025-09-03 09:39:11.621+02	2025-09-03 09:39:11.621+02	97	12
2025-09-03 09:39:11.623+02	2025-09-03 09:39:11.623+02	98	4
2025-09-03 09:39:11.624+02	2025-09-03 09:39:11.624+02	99	4
2025-09-03 09:39:11.626+02	2025-09-03 09:39:11.626+02	100	5
2025-09-03 09:39:11.628+02	2025-09-03 09:39:11.628+02	101	5
2025-09-03 09:39:11.63+02	2025-09-03 09:39:11.63+02	102	10
2025-09-03 09:39:11.631+02	2025-09-03 09:39:11.631+02	102	12
2025-09-03 09:39:11.633+02	2025-09-03 09:39:11.633+02	103	10
2025-09-03 09:39:11.635+02	2025-09-03 09:39:11.635+02	103	12
2025-09-03 09:39:11.636+02	2025-09-03 09:39:11.636+02	104	14
2025-09-03 09:39:11.638+02	2025-09-03 09:39:11.638+02	105	14
2025-09-03 09:39:11.64+02	2025-09-03 09:39:11.64+02	106	2
2025-09-03 09:39:11.641+02	2025-09-03 09:39:11.641+02	107	2
2025-09-03 09:39:11.643+02	2025-09-03 09:39:11.643+02	108	9
2025-09-03 09:39:11.645+02	2025-09-03 09:39:11.645+02	109	11
2025-09-03 09:39:11.647+02	2025-09-03 09:39:11.647+02	110	11
2025-09-03 09:39:11.649+02	2025-09-03 09:39:11.649+02	111	14
2025-09-03 09:39:11.651+02	2025-09-03 09:39:11.651+02	111	13
2025-09-03 09:39:11.653+02	2025-09-03 09:39:11.653+02	112	14
2025-09-03 09:39:11.655+02	2025-09-03 09:39:11.655+02	112	13
2025-09-03 09:39:11.657+02	2025-09-03 09:39:11.657+02	113	9
2025-09-03 09:39:11.658+02	2025-09-03 09:39:11.658+02	114	10
2025-09-03 09:39:11.66+02	2025-09-03 09:39:11.66+02	115	9
2025-09-03 09:39:11.662+02	2025-09-03 09:39:11.662+02	116	4
2025-09-03 09:39:11.663+02	2025-09-03 09:39:11.663+02	117	4
2025-09-03 09:39:11.666+02	2025-09-03 09:39:11.666+02	118	4
2025-09-03 09:39:11.669+02	2025-09-03 09:39:11.669+02	119	4
2025-09-03 09:39:11.671+02	2025-09-03 09:39:11.671+02	120	4
2025-09-03 09:39:11.673+02	2025-09-03 09:39:11.673+02	121	4
2025-09-03 09:39:11.675+02	2025-09-03 09:39:11.675+02	121	12
2025-09-03 09:39:11.677+02	2025-09-03 09:39:11.677+02	122	12
2025-09-03 09:39:11.679+02	2025-09-03 09:39:11.679+02	123	8
2025-09-03 09:39:11.68+02	2025-09-03 09:39:11.68+02	123	17
2025-09-03 09:39:11.681+02	2025-09-03 09:39:11.681+02	124	7
2025-09-03 09:39:11.683+02	2025-09-03 09:39:11.683+02	124	12
2025-09-03 09:39:11.685+02	2025-09-03 09:39:11.685+02	125	5
2025-09-03 09:39:11.687+02	2025-09-03 09:39:11.687+02	126	6
2025-09-03 09:39:11.689+02	2025-09-03 09:39:11.689+02	127	8
2025-09-03 09:39:11.691+02	2025-09-03 09:39:11.691+02	128	9
2025-09-03 09:39:11.692+02	2025-09-03 09:39:11.692+02	129	4
2025-09-03 09:39:11.694+02	2025-09-03 09:39:11.694+02	130	4
2025-09-03 09:39:11.696+02	2025-09-03 09:39:11.696+02	130	17
2025-09-03 09:39:11.697+02	2025-09-03 09:39:11.697+02	131	4
2025-09-03 09:39:11.699+02	2025-09-03 09:39:11.699+02	131	7
2025-09-03 09:39:11.701+02	2025-09-03 09:39:11.701+02	132	9
2025-09-03 09:39:11.703+02	2025-09-03 09:39:11.703+02	133	9
2025-09-03 09:39:11.704+02	2025-09-03 09:39:11.704+02	134	4
2025-09-03 09:39:11.706+02	2025-09-03 09:39:11.706+02	135	5
2025-09-03 09:39:11.708+02	2025-09-03 09:39:11.708+02	136	6
2025-09-03 09:39:11.709+02	2025-09-03 09:39:11.709+02	137	9
2025-09-03 09:39:11.711+02	2025-09-03 09:39:11.711+02	138	13
2025-09-03 09:39:11.713+02	2025-09-03 09:39:11.713+02	138	4
2025-09-03 09:39:11.714+02	2025-09-03 09:39:11.714+02	139	13
2025-09-03 09:39:11.716+02	2025-09-03 09:39:11.716+02	139	4
2025-09-03 09:39:11.718+02	2025-09-03 09:39:11.718+02	140	13
2025-09-03 09:39:11.719+02	2025-09-03 09:39:11.719+02	140	4
2025-09-03 09:39:11.721+02	2025-09-03 09:39:11.721+02	141	13
2025-09-03 09:39:11.723+02	2025-09-03 09:39:11.723+02	141	4
2025-09-03 09:39:11.724+02	2025-09-03 09:39:11.724+02	142	13
2025-09-03 09:39:11.727+02	2025-09-03 09:39:11.727+02	142	17
2025-09-03 09:39:11.729+02	2025-09-03 09:39:11.729+02	143	9
2025-09-03 09:39:11.731+02	2025-09-03 09:39:11.731+02	144	7
2025-09-03 09:39:11.733+02	2025-09-03 09:39:11.733+02	144	17
2025-09-03 09:39:11.736+02	2025-09-03 09:39:11.736+02	145	5
2025-09-03 09:39:11.738+02	2025-09-03 09:39:11.738+02	145	17
2025-09-03 09:39:11.74+02	2025-09-03 09:39:11.74+02	146	6
2025-09-03 09:39:11.742+02	2025-09-03 09:39:11.742+02	146	17
2025-09-03 09:39:11.745+02	2025-09-03 09:39:11.745+02	147	3
2025-09-03 09:39:11.747+02	2025-09-03 09:39:11.747+02	148	3
2025-09-03 09:39:11.75+02	2025-09-03 09:39:11.75+02	149	3
2025-09-03 09:39:11.752+02	2025-09-03 09:39:11.752+02	149	17
2025-09-03 09:39:11.755+02	2025-09-03 09:39:11.755+02	150	12
2025-09-03 09:39:11.757+02	2025-09-03 09:39:11.757+02	151	12
\.


--
-- Data for Name: team; Type: TABLE DATA; Schema: public; Owner: opokedex
--

COPY public.team (id, name, description, created_at, updated_at) FROM stdin;
1	Ultimate Team	La meilleure team du monde	2025-09-03 09:39:11.318+02	2025-09-03 09:39:11.318+02
2	La Team de l'enfer	Le feuuuuu	2025-09-03 09:39:11.318+02	2025-09-03 09:39:11.318+02
3	Squad fofolle	Pour tout gagner	2025-09-03 09:39:11.318+02	2025-09-03 09:39:11.318+02
\.


--
-- Data for Name: team_pokemon; Type: TABLE DATA; Schema: public; Owner: opokedex
--

COPY public.team_pokemon (created_at, updated_at, pokemon_id, team_id) FROM stdin;
2025-09-03 09:39:11.333+02	2025-09-03 09:39:11.333+02	3	1
2025-09-03 09:39:11.333+02	2025-09-03 09:39:11.333+02	6	1
2025-09-03 09:39:11.333+02	2025-09-03 09:39:11.333+02	9	1
2025-09-03 09:39:11.333+02	2025-09-03 09:39:11.333+02	12	1
2025-09-03 09:39:11.333+02	2025-09-03 09:39:11.333+02	15	1
2025-09-03 09:39:11.333+02	2025-09-03 09:39:11.333+02	34	1
2025-09-03 09:39:11.341+02	2025-09-03 09:39:11.341+02	6	2
2025-09-03 09:39:11.341+02	2025-09-03 09:39:11.341+02	38	2
2025-09-03 09:39:11.341+02	2025-09-03 09:39:11.341+02	59	2
2025-09-03 09:39:11.341+02	2025-09-03 09:39:11.341+02	126	2
2025-09-03 09:39:11.341+02	2025-09-03 09:39:11.341+02	136	2
2025-09-03 09:39:11.341+02	2025-09-03 09:39:11.341+02	146	2
2025-09-03 09:39:11.348+02	2025-09-03 09:39:11.348+02	151	3
2025-09-03 09:39:11.348+02	2025-09-03 09:39:11.348+02	150	3
2025-09-03 09:39:11.348+02	2025-09-03 09:39:11.348+02	146	3
2025-09-03 09:39:11.348+02	2025-09-03 09:39:11.348+02	145	3
2025-09-03 09:39:11.348+02	2025-09-03 09:39:11.348+02	144	3
\.


--
-- Data for Name: type; Type: TABLE DATA; Schema: public; Owner: opokedex
--

COPY public.type (id, name, color, created_at, updated_at) FROM stdin;
1	Acier	#aaaabb	2025-09-03 09:39:11.163+02	2025-09-03 09:39:11.163+02
2	Combat	#bb5544	2025-09-03 09:39:11.275+02	2025-09-03 09:39:11.275+02
3	Dragon	#7766ee	2025-09-03 09:39:11.277+02	2025-09-03 09:39:11.277+02
4	Eau	#3399ff	2025-09-03 09:39:11.278+02	2025-09-03 09:39:11.278+02
5	Électrik	#ffbb33	2025-09-03 09:39:11.279+02	2025-09-03 09:39:11.279+02
6	Feu	#ff4422	2025-09-03 09:39:11.281+02	2025-09-03 09:39:11.281+02
7	Glace	#77ddff	2025-09-03 09:39:11.282+02	2025-09-03 09:39:11.282+02
8	Insecte	#aabb22	2025-09-03 09:39:11.283+02	2025-09-03 09:39:11.283+02
9	Normal	#bbaabb	2025-09-03 09:39:11.285+02	2025-09-03 09:39:11.285+02
10	Plante	#77cc55	2025-09-03 09:39:11.286+02	2025-09-03 09:39:11.286+02
11	Poison	#aa5599	2025-09-03 09:39:11.287+02	2025-09-03 09:39:11.287+02
12	Psy	#ff5599	2025-09-03 09:39:11.289+02	2025-09-03 09:39:11.289+02
13	Roche	#bbaa66	2025-09-03 09:39:11.289+02	2025-09-03 09:39:11.289+02
14	Sol	#ddbb55	2025-09-03 09:39:11.29+02	2025-09-03 09:39:11.29+02
15	Spectre	#6666bb	2025-09-03 09:39:11.291+02	2025-09-03 09:39:11.291+02
16	Ténèbres	#665544	2025-09-03 09:39:11.291+02	2025-09-03 09:39:11.291+02
17	Vol	#6699ff	2025-09-03 09:39:11.292+02	2025-09-03 09:39:11.292+02
\.


--
-- Name: pokemon_id_seq; Type: SEQUENCE SET; Schema: public; Owner: opokedex
--

SELECT pg_catalog.setval('public.pokemon_id_seq', 151, true);


--
-- Name: team_id_seq; Type: SEQUENCE SET; Schema: public; Owner: opokedex
--

SELECT pg_catalog.setval('public.team_id_seq', 3, true);


--
-- Name: type_id_seq; Type: SEQUENCE SET; Schema: public; Owner: opokedex
--

SELECT pg_catalog.setval('public.type_id_seq', 17, true);


--
-- Name: pokemon pokemon_name_key; Type: CONSTRAINT; Schema: public; Owner: opokedex
--

ALTER TABLE ONLY public.pokemon
    ADD CONSTRAINT pokemon_name_key UNIQUE (name);


--
-- Name: pokemon pokemon_pkey; Type: CONSTRAINT; Schema: public; Owner: opokedex
--

ALTER TABLE ONLY public.pokemon
    ADD CONSTRAINT pokemon_pkey PRIMARY KEY (id);


--
-- Name: pokemon_type pokemon_type_pkey; Type: CONSTRAINT; Schema: public; Owner: opokedex
--

ALTER TABLE ONLY public.pokemon_type
    ADD CONSTRAINT pokemon_type_pkey PRIMARY KEY (pokemon_id, type_id);


--
-- Name: team team_pkey; Type: CONSTRAINT; Schema: public; Owner: opokedex
--

ALTER TABLE ONLY public.team
    ADD CONSTRAINT team_pkey PRIMARY KEY (id);


--
-- Name: team_pokemon team_pokemon_pkey; Type: CONSTRAINT; Schema: public; Owner: opokedex
--

ALTER TABLE ONLY public.team_pokemon
    ADD CONSTRAINT team_pokemon_pkey PRIMARY KEY (pokemon_id, team_id);


--
-- Name: type type_pkey; Type: CONSTRAINT; Schema: public; Owner: opokedex
--

ALTER TABLE ONLY public.type
    ADD CONSTRAINT type_pkey PRIMARY KEY (id);


--
-- Name: pokemon_type pokemon_type_pokemon_id_fkey; Type: FK CONSTRAINT; Schema: public; Owner: opokedex
--

ALTER TABLE ONLY public.pokemon_type
    ADD CONSTRAINT pokemon_type_pokemon_id_fkey FOREIGN KEY (pokemon_id) REFERENCES public.pokemon(id) ON UPDATE CASCADE ON DELETE CASCADE;


--
-- Name: pokemon_type pokemon_type_type_id_fkey; Type: FK CONSTRAINT; Schema: public; Owner: opokedex
--

ALTER TABLE ONLY public.pokemon_type
    ADD CONSTRAINT pokemon_type_type_id_fkey FOREIGN KEY (type_id) REFERENCES public.type(id) ON UPDATE CASCADE ON DELETE CASCADE;


--
-- Name: team_pokemon team_pokemon_pokemon_id_fkey; Type: FK CONSTRAINT; Schema: public; Owner: opokedex
--

ALTER TABLE ONLY public.team_pokemon
    ADD CONSTRAINT team_pokemon_pokemon_id_fkey FOREIGN KEY (pokemon_id) REFERENCES public.pokemon(id) ON UPDATE CASCADE ON DELETE CASCADE;


--
-- Name: team_pokemon team_pokemon_team_id_fkey; Type: FK CONSTRAINT; Schema: public; Owner: opokedex
--

ALTER TABLE ONLY public.team_pokemon
    ADD CONSTRAINT team_pokemon_team_id_fkey FOREIGN KEY (team_id) REFERENCES public.team(id) ON UPDATE CASCADE ON DELETE CASCADE;


--
-- PostgreSQL database dump complete
--

